{
	"textures": {
		"1": "minecraft:item/wither_skeleton"
	},
	"elements": [
		{
			"from": [
				4,
				8,
				4
			],
			"to": [
				12,
				16,
				12
			],
			"rotation": {
				"angle": 0,
				"axis": "y",
				"origin": [
					8,
					-16,
					8
				]
			},
			"faces": {
				"north": {
					"uv": [
						2,
						4,
						4,
						8
					],
					"texture": "#1"
				},
				"east": {
					"uv": [
						0,
						4,
						2,
						8
					],
					"texture": "#1"
				},
				"south": {
					"uv": [
						6,
						4,
						8,
						8
					],
					"texture": "#1"
				},
				"west": {
					"uv": [
						4,
						4,
						6,
						8
					],
					"texture": "#1"
				},
				"up": {
					"uv": [
						4,
						4,
						2,
						0
					],
					"texture": "#1"
				},
				"down": {
					"uv": [
						6,
						0,
						4,
						4
					],
					"texture": "#1"
				}
			}
		}
	],
	"display": {
		"head": {
			"rotation": [
				0,
				180,
				0
			]
		}
	}
}