{
	"textures": {
		"1": "minecraft:item/wither_skeleton"
	},
	"elements": [
		{
			"from": [
				7,
				-4,
				7
			],
			"to": [
				9,
				8,
				9
			],
			"faces": {
				"north": {
					"uv": [
						0.5,
						9,
						1,
						15
					],
					"texture": "#1"
				},
				"east": {
					"uv": [
						0,
						9,
						0.5,
						15
					],
					"texture": "#1"
				},
				"south": {
					"uv": [
						1.5,
						9,
						2,
						15
					],
					"texture": "#1"
				},
				"west": {
					"uv": [
						1,
						9,
						1.5,
						15
					],
					"texture": "#1"
				},
				"up": {
					"uv": [
						1,
						9,
						0.5,
						8
					],
					"texture": "#1"
				},
				"down": {
					"uv": [
						1.5,
						8,
						1,
						9
					],
					"texture": "#1"
				}
			}
		}
	],
	"display": {
		"head": {
			"rotation": [
				0,
				180,
				0
			]
		}
	}
}