{
	"textures": {
		"0": "minecraft:item/stray",
		"1": "minecraft:item/stray_overlay"
	},
	"elements": [
		{
			"from": [
				4,
				4,
				6
			],
			"to": [
				12,
				16,
				10
			],
			"faces": {
				"north": {
					"uv": [
						5,
						10,
						7,
						16
					],
					"texture": "#0"
				},
				"east": {
					"uv": [
						4,
						10,
						5,
						16
					],
					"texture": "#0"
				},
				"south": {
					"uv": [
						8,
						10,
						10,
						16
					],
					"texture": "#0"
				},
				"west": {
					"uv": [
						7,
						10,
						8,
						16
					],
					"texture": "#0"
				},
				"up": {
					"uv": [
						7,
						10,
						5,
						8
					],
					"texture": "#0"
				},
				"down": {
					"uv": [
						9,
						8,
						7,
						10
					],
					"texture": "#0"
				}
			}
		},
		{
			"from": [
				3.75,
				3.75,
				5.75
			],
			"to": [
				12.25,
				16.25,
				10.25
			],
			"faces": {
				"north": {
					"uv": [
						5,
						10,
						7,
						16
					],
					"texture": "#1"
				},
				"east": {
					"uv": [
						4,
						10,
						5,
						16
					],
					"texture": "#1"
				},
				"south": {
					"uv": [
						8,
						10,
						10,
						16
					],
					"texture": "#1"
				},
				"west": {
					"uv": [
						7,
						10,
						8,
						16
					],
					"texture": "#1"
				},
				"up": {
					"uv": [
						7,
						10,
						5,
						8
					],
					"texture": "#1"
				},
				"down": {
					"uv": [
						9,
						8,
						7,
						10
					],
					"texture": "#1"
				}
			}
		}
	],
	"display": {
		"head": {
			"rotation": [
				0,
				180,
				0
			]
		}
	}
}