{
	"textures": {
		"0": "minecraft:item/stray",
		"1": "minecraft:item/stray_overlay"
	},
	"elements": [
		{
			"from": [
				4,
				8,
				4
			],
			"to": [
				12,
				16,
				12
			],
			"faces": {
				"north": {
					"uv": [
						2,
						4,
						4,
						8
					],
					"texture": "#0"
				},
				"east": {
					"uv": [
						0,
						4,
						2,
						8
					],
					"texture": "#0"
				},
				"south": {
					"uv": [
						6,
						4,
						8,
						8
					],
					"texture": "#0"
				},
				"west": {
					"uv": [
						4,
						4,
						6,
						8
					],
					"texture": "#0"
				},
				"up": {
					"uv": [
						4,
						4,
						2,
						0
					],
					"texture": "#0"
				},
				"down": {
					"uv": [
						6,
						0,
						4,
						4
					],
					"texture": "#0"
				}
			}
		},
		{
			"from": [
				3.25,
				7.25,
				3.25
			],
			"to": [
				12.75,
				16.75,
				12.75
			],
			"faces": {
				"north": {
					"uv": [
						2,
						4,
						4,
						8
					],
					"texture": "#1"
				},
				"east": {
					"uv": [
						0,
						4,
						2,
						8
					],
					"texture": "#1"
				},
				"south": {
					"uv": [
						6,
						4,
						8,
						8
					],
					"texture": "#1"
				},
				"west": {
					"uv": [
						4,
						4,
						6,
						8
					],
					"texture": "#1"
				},
				"up": {
					"uv": [
						4,
						4,
						2,
						0
					],
					"texture": "#1"
				},
				"down": {
					"uv": [
						6,
						0,
						4,
						4
					],
					"texture": "#1"
				}
			}
		}
	],
	"display": {
		"head": {
			"rotation": [
				0,
				180,
				0
			]
		}
	}
}