{
	"textures": {
		"0": "minecraft:item/stray",
		"1": "minecraft:item/stray_overlay"
	},
	"elements": [
		{
			"from": [
				8,
				-4,
				7
			],
			"to": [
				10,
				8,
				9
			],
			"faces": {
				"north": {
					"uv": [
						11,
						9,
						10.5,
						15
					],
					"texture": "#0"
				},
				"east": {
					"uv": [
						11.5,
						9,
						11,
						15
					],
					"texture": "#0"
				},
				"south": {
					"uv": [
						12,
						9,
						11.5,
						15
					],
					"texture": "#0"
				},
				"west": {
					"uv": [
						10.5,
						9,
						10,
						15
					],
					"texture": "#0"
				},
				"up": {
					"uv": [
						10.5,
						9,
						11,
						8
					],
					"texture": "#0"
				},
				"down": {
					"uv": [
						11,
						8,
						11.5,
						9
					],
					"texture": "#0"
				}
			}
		},
		{
			"from": [
				5.75,
				-4.25,
				5.75
			],
			"to": [
				10.25,
				8.25,
				10.25
			],
			"faces": {
				"north": {
					"uv": [
						12,
						10,
						11,
						16
					],
					"texture": "#1"
				},
				"east": {
					"uv": [
						13,
						10,
						12,
						16
					],
					"texture": "#1"
				},
				"south": {
					"uv": [
						14,
						10,
						13,
						16
					],
					"texture": "#1"
				},
				"west": {
					"uv": [
						11,
						10,
						10,
						16
					],
					"texture": "#1"
				},
				"up": {
					"uv": [
						11,
						10,
						12,
						8
					],
					"texture": "#1"
				},
				"down": {
					"uv": [
						12,
						8,
						13,
						10
					],
					"texture": "#1"
				}
			}
		}
	],
	"display": {
		"head": {
			"rotation": [
				0,
				180,
				0
			]
		}
	}
}