{
	"textures": {
		"0": "minecraft:item/stray",
		"1": "minecraft:item/stray_overlay"
	},
	"elements": [
		{
			"from": [
				7,
				-4,
				6.9
			],
			"to": [
				9,
				8,
				8.9
			],
			"faces": {
				"north": {
					"uv": [
						1,
						9,
						0.5,
						15
					],
					"texture": "#0"
				},
				"east": {
					"uv": [
						1.5,
						9,
						1,
						15
					],
					"texture": "#0"
				},
				"south": {
					"uv": [
						2,
						9,
						1.5,
						15
					],
					"texture": "#0"
				},
				"west": {
					"uv": [
						0.5,
						9,
						0,
						15
					],
					"texture": "#0"
				},
				"up": {
					"uv": [
						0.5,
						9,
						1,
						8
					],
					"texture": "#0"
				},
				"down": {
					"uv": [
						1,
						8,
						1.5,
						9
					],
					"texture": "#0"
				}
			}
		},
		{
			"from": [
				5.85,
				-4.25,
				5.75
			],
			"to": [
				10.35,
				8.25,
				10.25
			],
			"faces": {
				"north": {
					"uv": [
						2,
						10,
						1,
						16
					],
					"texture": "#1"
				},
				"east": {
					"uv": [
						3,
						10,
						2,
						16
					],
					"texture": "#1"
				},
				"south": {
					"uv": [
						4,
						10,
						3,
						16
					],
					"texture": "#1"
				},
				"west": {
					"uv": [
						1,
						10,
						0,
						16
					],
					"texture": "#1"
				},
				"up": {
					"uv": [
						1,
						10,
						2,
						8
					],
					"texture": "#1"
				},
				"down": {
					"uv": [
						2,
						8,
						3,
						10
					],
					"texture": "#1"
				}
			}
		}
	],
	"display": {
		"head": {
			"rotation": [
				0,
				180,
				0
			]
		}
	}
}