{
	"parent": "item/generated",
	"textures": {
		"layer0": "minecraft:item/iron_nugget"
	},
	"overrides": [
		{
			"predicate": {
				"custom_model_data": 1
			},
			"model": "item/animated_java_empty"
		},
		{
			"predicate": {
				"custom_model_data": 2
			},
			"model": "animated_java:item/stray/right_arm"
		},
		{
			"predicate": {
				"custom_model_data": 3
			},
			"model": "animated_java:item/stray/head"
		},
		{
			"predicate": {
				"custom_model_data": 4
			},
			"model": "animated_java:item/stray/left_arm"
		},
		{
			"predicate": {
				"custom_model_data": 5
			},
			"model": "animated_java:item/stray/head2"
		},
		{
			"predicate": {
				"custom_model_data": 6
			},
			"model": "animated_java:item/stray/body"
		},
		{
			"predicate": {
				"custom_model_data": 7
			},
			"model": "animated_java:item/stray/right_leg"
		},
		{
			"predicate": {
				"custom_model_data": 8
			},
			"model": "animated_java:item/stray/left_leg"
		}
	],
	"animated_java": {
		"rigs": {
			"stray": {
				"used_ids": [
					2,
					3,
					4,
					5,
					6,
					7,
					8
				]
			}
		}
	}
}