{
	"textures": {
		"0": "item/skeleton"
	},
	"elements": [
		{
			"from": [
				4,
				3,
				4
			],
			"to": [
				12,
				11,
				12
			],
			"rotation": {
				"angle": 0,
				"axis": "x",
				"origin": [
					8,
					8,
					8
				]
			},
			"faces": {
				"north": {
					"uv": [
						2,
						4,
						4,
						8
					],
					"texture": "#0"
				},
				"east": {
					"uv": [
						0,
						4,
						2,
						8
					],
					"texture": "#0"
				},
				"south": {
					"uv": [
						6,
						4,
						8,
						8
					],
					"texture": "#0"
				},
				"west": {
					"uv": [
						4,
						4,
						6,
						8
					],
					"texture": "#0"
				},
				"up": {
					"uv": [
						4,
						4,
						2,
						0
					],
					"texture": "#0"
				},
				"down": {
					"uv": [
						6,
						0,
						4,
						4
					],
					"texture": "#0"
				}
			}
		},
		{
			"from": [
				3.5,
				2.5,
				3.5
			],
			"to": [
				12.5,
				11.5,
				12.5
			],
			"rotation": {
				"angle": 0,
				"axis": "y",
				"origin": [
					8,
					-4,
					8
				]
			},
			"faces": {
				"north": {
					"uv": [
						10,
						4,
						12,
						8
					],
					"texture": "#0"
				},
				"east": {
					"uv": [
						8,
						4,
						10,
						8
					],
					"texture": "#0"
				},
				"south": {
					"uv": [
						14,
						4,
						16,
						8
					],
					"texture": "#0"
				},
				"west": {
					"uv": [
						12,
						4,
						14,
						8
					],
					"texture": "#0"
				},
				"up": {
					"uv": [
						12,
						4,
						10,
						0
					],
					"texture": "#0"
				},
				"down": {
					"uv": [
						14,
						0,
						12,
						4
					],
					"texture": "#0"
				}
			}
		}
	],
	"display": {
		"head": {
			"rotation": [
				0,
				180,
				0
			]
		}
	}
}