{
	"textures": {
		"0": "minecraft:item/baby_zombie"
	},
	"elements": [
		{
			"from": [
				4,
				4,
				6
			],
			"to": [
				12,
				16,
				10
			],
			"faces": {
				"north": {
					"uv": [
						5,
						5,
						7,
						8
					],
					"texture": "#0"
				},
				"east": {
					"uv": [
						4,
						5,
						5,
						8
					],
					"texture": "#0"
				},
				"south": {
					"uv": [
						8,
						5,
						10,
						8
					],
					"texture": "#0"
				},
				"west": {
					"uv": [
						7,
						5,
						8,
						8
					],
					"texture": "#0"
				},
				"up": {
					"uv": [
						7,
						5,
						5,
						4
					],
					"texture": "#0"
				},
				"down": {
					"uv": [
						9,
						4,
						7,
						5
					],
					"texture": "#0"
				}
			}
		}
	],
	"display": {
		"head": {
			"rotation": [
				0,
				180,
				0
			]
		}
	}
}