{
	"textures": {
		"0": "minecraft:item/baby_husk"
	},
	"elements": [
		{
			"from": [
				6,
				-4,
				6
			],
			"to": [
				10,
				8,
				10
			],
			"faces": {
				"north": {
					"uv": [
						12,
						5,
						11,
						8
					],
					"texture": "#0"
				},
				"east": {
					"uv": [
						13,
						5,
						12,
						8
					],
					"texture": "#0"
				},
				"south": {
					"uv": [
						14,
						5,
						13,
						8
					],
					"texture": "#0"
				},
				"west": {
					"uv": [
						11,
						5,
						10,
						8
					],
					"texture": "#0"
				},
				"up": {
					"uv": [
						11,
						5,
						12,
						4
					],
					"texture": "#0"
				},
				"down": {
					"uv": [
						12,
						4,
						13,
						5
					],
					"texture": "#0"
				}
			}
		}
	],
	"display": {
		"head": {
			"rotation": [
				0,
				180,
				0
			]
		}
	}
}